Neurolana | AI powered trading platform for Solana,1735916424264
Wet3Dreams | Crypto Development, Game Design, and Viral Marketing Agency,1735916434273
autistul meu <3 .,1735916444278
$BIMBO early degens | pump.fun 4 JAN 2025,1735916444281
Solana,1735916454286
BRETT0x66 Community,1735916464295
Ararsan Bulursun ðŸ’‹,1735916464296
å¹£å®‰BNB_Poolå®˜æ–¹ç¤¾å€ðŸ‡¨ðŸ‡³,1735916474303
Solana MemeCoins,1735916484310
Slinky SOL Chat,1735916494316
Pythia,1735916504320
Pumpfun Solana Cryptocurrency Chat Group,1735916514326
Telegram,1735916524334
Solana,1735916524336
KINGS MEME COIN ($KMC),1735916534339
SOLANAðŸ“ˆDRAGONðŸ‰CALLSâ˜Žï¸,1735916544343
[ru]Ethereum Developers,1735916544344
Solana Viá»‡t Nam Updates,1735916554349
Safeguard,1735916554350
TRON DAO TÃ¼rkiye,1735916554351
Web3.js Ethereum Dev,1735916564356
Solanax.org Community,1735916574359
Solana Moonshots,1735916584374
GOLDEN BRETT on Base,1735916594380
Keyboard Cat $KEYCAT,1735916604385
Solana Anchor Developers Group,1735916614389
PUMP FUN /Moonshot Alpha Solana Plays,1735916624393
Solana developer group,1735916634399
Toxi Solana Community,1735916644404
ðŸŸ¢ da kitchen ðŸŸ¢,1735916654409
Bozkurt Uluyor,1735916654410
Spam Info Bot,1735916654411
apurbo ahmed,1735916654412
Neurolana,1735916654413
BrettWifHat Base Network,1735916654414
SolanaPrime Community ðŸŒ,1735916664417
iLeaf,1735916674424
Just a Chill Guy Solana Community,1735916674424
$PBB PepeButBlue on Base Network,1735916684435
Based Coin Hub ($CBBCH),1735916694438
Solana Ape Calls â˜ŽðŸ“ˆðŸš€,1735916694439
KSFW ðŸ’,1735916694440
Solana developers,1735916694441
FantomTV Group,1735916704450
MAGA Memecoin,1735916714456
Kostya,1735916724469
CryptoCrunchApp | News,1735916724470
Brogg | Brettâ€™s Dog,1735916724471
Blockchain Dev Jobs / (Solidity),1735916734476
Solana Vietnam Developers,1735916744484
SolanaæŠ€æœ¯ç¾¤,1735916754489
Solana NFTðŸ‘¾ oka_crypto,1735916764492
Solana Anchor Developers,1735916774496
Solana Developers,1735916784500
mjstore_support,1735916794509
MP ðŸ‡¨ðŸ‡¦,1735916794510
Moon AI Group - Solana,1735916794511
Solanium Official Community,1735916804517
NFT GEMS ðŸ’Ž,1735916814525
,1735916824531
Vegasss,1735916824532
AIDragon Global ðŸŒŽðŸ‰ðŸ²,1735916824533
l,1735916834540
Vietnam ðŸ‡»ðŸ‡³ Solana,1735916834541
Coinbase Launchpad,1735916844545
BaseBook on Base Network,1735916854549
Annie-Chan,1735916864554
Dogecoin,1735916864555
dds,1735916874557
Pre-screen for ShibaSwap: $SHIB $LEASH $BONE,1735916874558
Web3 dApp Developers Builders,1735916874559
Meme Coin Solana,1735916884562
DF,1735916884563
Solana Vietnam ðŸ‡»ðŸ‡³,1735916884564
è‘µã¡ã‚ƒã‚“,1735916894566
$TRUMP,1735916894567
100M Market cap,1735916904570
TrenchRadar Scanner,1735916904571
Volkan,1735916904572
dzzr,1735916904573
BotFather,1735916904574
Lucas De SÃ¡,1735916904574
Naughty Idol Captions,1735916904575
Safeguard,1735916914578
Whale Insider Calls,1735916914579
ist,1735916914580
Ethereum and Solana Freelancers Solidity Anchor,1735916914582
Ethereum Romania,1735916924586
CryptoMoonshots Solana,1735916934593
EFFORT Economy - Community,1735916944596
Denzel Call's ðŸŽ²,1735916944597
CoinRabbit.io,1735916944599
Nito,1735916944605
Solana developers and builders,1735916944609
ÐžÐ¢Ð¡ NFT Solana,1735916954611
Oscar Van Velsen,1735916964615
GemBoy Calls,1735916964616
Antonio,1735916964617
Solana vietnam ðŸ‡»ðŸ‡³,1735916964618
Atilla | Wet3Dreams,1735916974623
MoonCat | Solana,1735916974625
(MEME) Memecoin On Sol,1735916984627
SOLANA MEV BOT | FRONTRUNNING BOT,1735916994632
Solana P2P,1735916994633
Santa Brett | $SBRETT CTO,1735917004641
Rose,1735917014645
Fantomj,1735917014646
SolanaPrime Vietnam ðŸ‡»ðŸ‡³,1735917014646
Solana Vietnam Channel ðŸ‡»ðŸ‡³,1735917014648
Amjid Iqbal,1735917014648
DOGECAT [ENG],1735917014649
Mahamudul Hasan,1735917024654
Maciej,1735917024654
SANTO,1735917024655
besimkosumcu safe exchange and safe tradeðŸ’¹ðŸ’¸ðŸ’¯,1735917024657
-,1735917024658
mraz.ma,1735917024659
?: The Shiba Inu Killer ðŸš€,1735917024661
Alexandr C2H5OH,1735917034666
Wuaze545 #QUÄ°T,1735917034667
SuperCoin - Illuminati CALL,1735917034668
Fantom Calls Chat,1735917044677
OkolsTRAKER MEME COINS, & & $,1735917054683
Daily Moonshots / Calls / Free Content (BSC/ETH/POL),1735917064687
Inspectre (Insured FTM calls),1735917074689
Coingraph | Chat,1735917084694
s0 older,1735917084695
pinkamole_bot,1735917084696
dusky,1735917084697
Fahim,1735917084697
Nwaneri David,1735917084699
Besim KoÅŸumcu,1735917084700
ErgÃ¼n Enes Halifekan,1735917084700
Eth and Bsc CALL,1735917084701
p,1735917094705
Guardian,1735917094707
RazrFi Official Community,1735917094708
Solice Official Community,1735917094709
Krishit,1735917094709
AyeAye | First memecoin on ETH,1735917094711
Tyler @ $MOONS,1735917094711
ArayÄ±ÅŸ Grubu,1735917094712
KÃ¨o HBTC,1735917094717
Meme Express FTM | Portal,1735917094718
MEMEoffers,1735917094719
Fantom Maker,1735917094719
FTM GROUPðŸ‘‘V2ray(ÙÛŒÙ„ØªØ± Ø´Ú©Ù†),1735917094720
ðŸ§™FantomDAO Official GroupðŸ§™,1735917094721
Pre-screen for ShibaSwap: $SHIB $LEASH $BONE,1735917094721
Ú©Ø§Ù†Ø§Ù„ Û´,1735917094722
Digital,1735917094723
$MYRO | The Solana Founders Dog,1735917094724
,1735917094725
Ivan | IT Agency Founder,1735917094728
Daredevil,1735917094730
cheekey,1735917094732
Kkura ðŸŒ¸,1735917094733
CryptoMoonShots,1735917094734
ElÃ§in,1735917094735
Master Printr,1735917094735
Rui Gomes,1735917094736
Voltrex & Atilla,1735917094736
Voltrex & Atilla,1735917097740
